<?xml version="1.0" encoding="UTF-8"?>
<project-private xmlns="http://www.netbeans.org/ns/project-private/1">
    <editor-bookmarks xmlns="http://www.netbeans.org/ns/editor-bookmarks/2" lastBookmarkId="0"/>
    <open-files xmlns="http://www.netbeans.org/ns/projectui-open-files/2">
        <group>
            <file>file:/C:/Users/MSI/OneDrive/Documentos/Mi%20unidad%202022%20-%20POO/Mi%20unidad%202022%20POO/2022/Proyecto%20integrador/SalesV1/src/entities/Person.java</file>
            <file>file:/C:/Users/MSI/OneDrive/Documentos/Mi%20unidad%202022%20-%20POO/Mi%20unidad%202022%20POO/2022/Proyecto%20integrador/SalesV1/src/implement/ImplSales.java</file>
            <file>file:/C:/Users/MSI/OneDrive/Documentos/Mi%20unidad%202022%20-%20POO/Mi%20unidad%202022%20POO/2022/Proyecto%20integrador/SalesV1/src/gui/Login.java</file>
            <file>file:/C:/Users/MSI/OneDrive/Documentos/Mi%20unidad%202022%20-%20POO/Mi%20unidad%202022%20POO/2022/Proyecto%20integrador/SalesV1/src/gui/JIFWorkerGUI.java</file>
            <file>file:/C:/Users/MSI/OneDrive/Documentos/Mi%20unidad%202022%20-%20POO/Mi%20unidad%202022%20POO/2022/Proyecto%20integrador/SalesV1/src/implement/ImplPerson.java</file>
            <file>file:/C:/Users/MSI/OneDrive/Documentos/Mi%20unidad%202022%20-%20POO/Mi%20unidad%202022%20POO/2022/Proyecto%20integrador/SalesV1/src/entities/Worker.java</file>
            <file>file:/C:/Users/MSI/OneDrive/Documentos/Mi%20unidad%202022%20-%20POO/Mi%20unidad%202022%20POO/2022/Proyecto%20integrador/SalesV1/src/gui/Menu.java</file>
            <file>file:/C:/Users/MSI/OneDrive/Documentos/Mi%20unidad%202022%20-%20POO/Mi%20unidad%202022%20POO/2022/Proyecto%20integrador/SalesV1/src/entities/Producto.java</file>
            <file>file:/C:/Users/MSI/OneDrive/Documentos/Mi%20unidad%202022%20-%20POO/Mi%20unidad%202022%20POO/2022/Proyecto%20integrador/SalesV1/src/entities/Client.java</file>
            <file>file:/C:/Users/MSI/OneDrive/Documentos/Mi%20unidad%202022%20-%20POO/Mi%20unidad%202022%20POO/2022/Proyecto%20integrador/SalesV1/src/implement/ImplProducto.java</file>
            <file>file:/C:/Users/MSI/OneDrive/Documentos/Mi%20unidad%202022%20-%20POO/Mi%20unidad%202022%20POO/2022/Proyecto%20integrador/SalesV1/src/entities/Sales.java</file>
            <file>file:/C:/Users/MSI/OneDrive/Documentos/Mi%20unidad%202022%20-%20POO/Mi%20unidad%202022%20POO/2022/Proyecto%20integrador/SalesV1/src/entities/DetailSales.java</file>
        </group>
    </open-files>
</project-private>
